{"name":"2f2f3a9a-7a8c-4d0e-ad06-e02bc7931e69","id":"/providers/Microsoft.Flow/flows/2f2f3a9a-7a8c-4d0e-ad06-e02bc7931e69","type":"Microsoft.Flow/flows","properties":{"apiId":"/providers/Microsoft.PowerApps/apis/shared_logicflows","displayName":"Tomorrows calendar entries summary notification","definition":{"metadata":{"workflowEntityId":null,"processAdvisorMetadata":null,"flowclientsuspensionreason":"None","flowclientsuspensiontime":null,"flowclientsuspensionreasondetails":null,"creator":{"id":"173aba8b-c9e8-479c-81ab-abba1c33aeb4","type":"User","tenantId":"67481c72-d897-4db4-a7fa-b96d76dfb545"},"provisioningMethod":"FromDefinition","failureAlertSubscription":true,"clientLastModifiedTime":"2023-01-24T18:46:56.1544454Z"},"$schema":"https://schema.management.azure.com/providers/Microsoft.Logic/schemas/2016-06-01/workflowdefinition.json#","contentVersion":"1.0.0.0","parameters":{"$connections":{"defaultValue":{},"type":"Object"},"$authentication":{"defaultValue":{},"type":"SecureObject"}},"triggers":{"Recurrence":{"recurrence":{"frequency":"Day","interval":1,"timeZone":"FLE Standard Time","schedule":{"hours":["13"]}},"metadata":{"operationMetadataId":"2e43a345-f7b6-481d-b31b-211875a8bbcd"},"type":"Recurrence"}},"actions":{"Initialize_variable_-_Tomorrow":{"runAfter":{},"metadata":{"operationMetadataId":"632a29e1-eb27-4e6d-9de8-c5c2393a5a74"},"type":"InitializeVariable","inputs":{"variables":[{"name":"Tomorrow","type":"string","value":"@{addDays(utcNow(),1,'yyyy-MM-dd')}"}]}},"Condition_-_If_weekday":{"actions":{"Condition_-_Check_if_there_is_meetings":{"actions":{"Apply_to_each_-_Loop_through_meetings":{"foreach":"@outputs('Get_events_(V4)')?['body/value']","actions":{"Append_to_string_variable_-_MessageContent_-_Meeting_info":{"runAfter":{"Convert_time_zone":["Succeeded"]},"metadata":{"operationMetadataId":"09b8fe90-132b-4c2b-89f0-92b59eee773b"},"type":"AppendToStringVariable","inputs":{"name":"MessageContent","value":"<li><b>@{body('Convert_time_zone')}</b> - @{items('Apply_to_each_-_Loop_through_meetings')?['subject']} </li>"}},"Convert_time_zone":{"runAfter":{},"metadata":{"operationMetadataId":"5a265a08-2d4b-44f5-9d73-bd9013ee99b9"},"type":"Expression","kind":"ConvertTimeZone","inputs":{"baseTime":"@items('Apply_to_each_-_Loop_through_meetings')?['start']","formatString":"HH:mm","sourceTimeZone":"Greenwich Standard Time","destinationTimeZone":"FLE Standard Time"}}},"runAfter":{},"metadata":{"operationMetadataId":"4e89706c-2e44-4845-8d9f-45b03462cd7c"},"type":"Foreach"}},"runAfter":{"Get_events_(V4)":["Succeeded"]},"else":{"actions":{"Terminate_-_No_meetings_in_Calendar":{"runAfter":{},"metadata":{"operationMetadataId":"a06441fd-c813-4420-ade3-9f48f6827f4a"},"type":"Terminate","inputs":{"runStatus":"Cancelled"}}}},"expression":{"not":{"equals":["@empty(outputs('Get_events_(V4)')?['body/value'])","@true"]}},"metadata":{"operationMetadataId":"dcfe6cd7-7ac8-44d8-b683-1022bde4f5f1"},"type":"If"},"Append_to_string_variable_-_MessageContent_-_End_tag":{"runAfter":{"Condition_-_Check_if_there_is_meetings":["Succeeded"]},"metadata":{"operationMetadataId":"ea50ee52-b886-4f3a-a218-ad7644adc3ce"},"type":"AppendToStringVariable","inputs":{"name":"MessageContent","value":"</ul>"}},"Post_message_in_a_chat_or_channel":{"runAfter":{"Append_to_string_variable_-_MessageContent_-_End_tag":["Succeeded"]},"metadata":{"operationMetadataId":"b9ed56f6-c360-4253-9e19-906c090f6fdd"},"type":"OpenApiConnection","inputs":{"host":{"apiId":"/providers/Microsoft.PowerApps/apis/shared_teams","connectionName":"shared_teams","operationId":"PostMessageToConversation"},"parameters":{"poster":"Flow bot","location":"Chat with Flow bot","body/recipient":"@{outputs('Get_my_profile_(V2)')?['body/mail']};","body/messageBody":"<p>Huomisen palaverit: @{variables('MessageContent')}</p>","body/isAlert":true},"authentication":"@parameters('$authentication')"}},"Get_my_profile_(V2)":{"runAfter":{},"metadata":{"operationMetadataId":"0701e452-8851-439f-82ea-d21a276b048d"},"type":"OpenApiConnection","inputs":{"host":{"apiId":"/providers/Microsoft.PowerApps/apis/shared_office365users","connectionName":"shared_office365users","operationId":"MyProfile_V2"},"parameters":{},"authentication":"@parameters('$authentication')"}},"Get_events_(V4)":{"runAfter":{"Get_my_profile_(V2)":["Succeeded"]},"metadata":{"operationMetadataId":"452b8827-0d2b-4a80-a65d-b6271ca01c7b"},"type":"OpenApiConnection","inputs":{"host":{"apiId":"/providers/Microsoft.PowerApps/apis/shared_office365","connectionName":"shared_office365","operationId":"V4CalendarGetItems"},"parameters":{"table":"AAMkAGZkNzE4MzkxLWVhNzgtNDk1ZC1iMTM1LTYzZTdlOTQ1MmFhMQBGAAAAAABx4jxSxdxQR5iPxJwSkC4-BwDNzr64wFXLR7cRtL1InIFKAAAAAAEGAADNzr64wFXLR7cRtL1InIFKAAAF6BOHAAA=","$filter":"Start/DateTime ge '@{outputs('Compose_-_StartTime')}' AND Start/DateTime le '@{outputs('Compose_-_EndTime')}'","$orderby":"Start/DateTime asc"},"authentication":"@parameters('$authentication')"}}},"runAfter":{"Initialize_variable_-_MessageContent":["Succeeded"]},"else":{"actions":{"Terminate_-_Weekend":{"runAfter":{},"metadata":{"operationMetadataId":"7ca414f6-cffb-4a56-8f42-b7dcadb4986a"},"type":"Terminate","inputs":{"runStatus":"Cancelled"}}}},"expression":{"or":[{"not":{"equals":["@dayOfWeek(variables('Tomorrow'))",6]}},{"not":{"equals":["@dayOfWeek(variables('Tomorrow'))",0]}}]},"metadata":{"operationMetadataId":"17f4c918-c9aa-47c6-b6ab-6871ccc341f4"},"type":"If","description":"Saturday = 6, Sunday = 0"},"Compose_-_StartTime":{"runAfter":{"Initialize_variable_-_Tomorrow":["Succeeded"]},"metadata":{"operationMetadataId":"b5ee6661-d741-4691-82a4-25a38bd424d8"},"type":"Compose","inputs":"@concat(variables('Tomorrow'),'T00:00:00.0000000Z')","description":"Format: yyyy-MM-ddT00:00:00.0000000Z"},"Compose_-_EndTime":{"runAfter":{"Compose_-_StartTime":["Succeeded"]},"metadata":{"operationMetadataId":"35095a48-a3a2-41c0-8947-e3c925938d16"},"type":"Compose","inputs":"@concat(variables('Tomorrow'),'T19:00:00.0000000Z')","description":"Format: yyyy-MM-ddT23:59:00.0000000Z"},"Initialize_variable_-_MessageContent":{"runAfter":{"Compose_-_EndTime":["Succeeded"]},"metadata":{"operationMetadataId":"37e02085-71cd-4ec4-98a9-9f970c21e155"},"type":"InitializeVariable","inputs":{"variables":[{"name":"MessageContent","type":"string","value":"<br /><ul>"}]}}},"description":"This flow checks for tomorrows calendar entries from a single calendar and gives you summary of meetings in teams chat as flow bot."},"connectionReferences":{"shared_office365":{"connectionName":"shared-office365-6da48bae-3a39-4e26-924b-1159232bd16a","source":"Embedded","id":"/providers/Microsoft.PowerApps/apis/shared_office365","tier":"NotSpecified"},"shared_teams":{"connectionName":"shared-teams-2521f2f3-e04e-47a8-b08d-2205125c2a4d","source":"Embedded","id":"/providers/Microsoft.PowerApps/apis/shared_teams","tier":"NotSpecified"},"shared_office365users":{"connectionName":"shared-office365user-99cf5738-dbe7-489a-9b38-0047353cd444","source":"Embedded","id":"/providers/Microsoft.PowerApps/apis/shared_office365users","tier":"NotSpecified"}},"flowFailureAlertSubscribed":false,"isManaged":false}}