{"name":"bcd91e6f-8206-4728-b08f-0078edd57d59","id":"/providers/Microsoft.Flow/flows/bcd91e6f-8206-4728-b08f-0078edd57d59","type":"Microsoft.Flow/flows","properties":{"apiId":"/providers/Microsoft.PowerApps/apis/shared_logicflows","displayName":"Email notification at 1400","definition":{"metadata":{"workflowEntityId":null,"processAdvisorMetadata":null,"flowclientsuspensionreason":"None","flowclientsuspensiontime":null,"flowclientsuspensionreasondetails":null,"creator":{"id":"173aba8b-c9e8-479c-81ab-abba1c33aeb4","type":"User","tenantId":"67481c72-d897-4db4-a7fa-b96d76dfb545"},"provisioningMethod":"FromDefinition","failureAlertSubscription":true,"clientLastModifiedTime":"2023-02-28T15:59:12.3707657Z"},"$schema":"https://schema.management.azure.com/providers/Microsoft.Logic/schemas/2016-06-01/workflowdefinition.json#","contentVersion":"1.0.0.0","parameters":{"$connections":{"defaultValue":{},"type":"Object"},"$authentication":{"defaultValue":{},"type":"SecureObject"}},"triggers":{"Recurrence":{"recurrence":{"frequency":"Day","interval":1,"timeZone":"FLE Standard Time","schedule":{"hours":["13"]}},"metadata":{"operationMetadataId":"f4c35e50-019e-4ba9-a29f-62f91002ecd6"},"type":"Recurrence"}},"actions":{"Current_time_":{"runAfter":{},"metadata":{"operationMetadataId":"a261fc36-65f2-4119-8281-956e0b8ecbf1"},"type":"Expression","kind":"CurrentTime","inputs":{}},"Compose_-_DayOfWeek":{"runAfter":{"Current_time_":["Succeeded"]},"metadata":{"operationMetadataId":"b30beca5-ced1-420d-adcb-37a2481dd782"},"type":"Compose","inputs":"@dayOfWeek(string(body('Current_time_')))"},"Condition_-_If_not_weekend":{"actions":{"Get_emails_(V3)":{"runAfter":{},"metadata":{"operationMetadataId":"5ba140f5-9d9c-4666-a424-1ac4d98eb57d"},"type":"OpenApiConnection","inputs":{"host":{"apiId":"/providers/Microsoft.PowerApps/apis/shared_office365","connectionName":"shared_office365","operationId":"GetEmailsV3"},"parameters":{"folderPath":"Inbox","fetchOnlyUnread":true,"includeAttachments":false,"searchQuery":"received: @{formatDateTime(utcNow(),'yyy-MM-dd')}","importance":"Any","fetchOnlyWithAttachment":false},"authentication":"@parameters('$authentication')"}},"Condition_-_If_emails_are_found":{"actions":{"Apply_to_each":{"foreach":"@outputs('Get_emails_(V3)')?['body/value']","actions":{"Append_to_string_variable":{"runAfter":{},"metadata":{"operationMetadataId":"e377f378-f925-4eb8-95dd-401518cc5957"},"type":"AppendToStringVariable","inputs":{"name":"MessageContent","value":"<li>@{items('Apply_to_each')?['subject']} (from: @{items('Apply_to_each')?['from']})</li>"}}},"runAfter":{},"metadata":{"operationMetadataId":"9d3472f4-938e-484f-98c7-01c73779509b"},"type":"Foreach"}},"runAfter":{"Get_emails_(V3)":["Succeeded"]},"else":{"actions":{"Terminate_-_No_emails":{"runAfter":{},"metadata":{"operationMetadataId":"feda4a47-f8bc-47e7-9598-2dca3e97d0b9"},"type":"Terminate","inputs":{"runStatus":"Cancelled"}}}},"expression":{"not":{"equals":["@empty(outputs('Get_emails_(V3)')?['body/value'])","@true"]}},"metadata":{"operationMetadataId":"251ed8d1-6b99-4318-ae67-abdb6f11cd97"},"type":"If"},"Post_message_in_a_chat_or_channel":{"runAfter":{"Append_to_string_variable_-_MessageContent_-_End_tag":["Succeeded"]},"metadata":{"operationMetadataId":"5acaf57b-c5e4-4413-b07f-07a3a9e9b580"},"type":"OpenApiConnection","inputs":{"host":{"apiId":"/providers/Microsoft.PowerApps/apis/shared_teams","connectionName":"shared_teams","operationId":"PostMessageToConversation"},"parameters":{"poster":"Flow bot","location":"Chat with Flow bot","body/recipient":"@{outputs('Get_my_profile_(V2)')?['body/mail']};","body/messageBody":"<p><strong>Summary of todays emails: </strong><strong>@{variables('MessageContent')}</strong><strong></strong></p>","body/isAlert":true},"authentication":"@parameters('$authentication')"}},"Append_to_string_variable_-_MessageContent_-_End_tag":{"runAfter":{"Condition_-_If_emails_are_found":["Succeeded"]},"metadata":{"operationMetadataId":"86fdfe43-34ba-4e3e-b24a-41c4eab86100"},"type":"AppendToStringVariable","inputs":{"name":"MessageContent","value":"</ul>"}}},"runAfter":{"Get_my_profile_(V2)":["Succeeded"]},"else":{"actions":{"Terminate_-_Weekend":{"runAfter":{},"metadata":{"operationMetadataId":"29c4f253-11dc-4726-bdd4-6a7a56dae50c"},"type":"Terminate","inputs":{"runStatus":"Cancelled"}}}},"expression":{"or":[{"not":{"equals":["@outputs('Compose_-_DayOfWeek')",0]}},{"not":{"equals":["@outputs('Compose_-_DayOfWeek')",6]}}]},"metadata":{"operationMetadataId":"2ca4dd0d-46f9-4aae-9c81-f1ebfb1ae63b"},"type":"If"},"Initialize_variable_-_MessageContent":{"runAfter":{"Compose_-_DayOfWeek":["Succeeded"]},"metadata":{"operationMetadataId":"f2eee3da-1a9d-4392-af13-629ad5377b16"},"type":"InitializeVariable","inputs":{"variables":[{"name":"MessageContent","type":"string","value":"<br /><ul>"}]}},"Get_my_profile_(V2)":{"runAfter":{"Initialize_variable_-_MessageContent":["Succeeded"]},"metadata":{"operationMetadataId":"98be45b8-98eb-4073-a689-d03493aa51a1"},"type":"OpenApiConnection","inputs":{"host":{"apiId":"/providers/Microsoft.PowerApps/apis/shared_office365users","connectionName":"shared_office365users","operationId":"MyProfile_V2"},"parameters":{},"authentication":"@parameters('$authentication')"}}},"outputs":{}},"connectionReferences":{"shared_office365":{"connectionName":"shared-office365-6da48bae-3a39-4e26-924b-1159232bd16a","source":"Embedded","id":"/providers/Microsoft.PowerApps/apis/shared_office365","tier":"NotSpecified"},"shared_teams":{"connectionName":"shared-teams-2521f2f3-e04e-47a8-b08d-2205125c2a4d","source":"Embedded","id":"/providers/Microsoft.PowerApps/apis/shared_teams","tier":"NotSpecified"},"shared_office365users":{"connectionName":"shared-office365user-99cf5738-dbe7-489a-9b38-0047353cd444","source":"Embedded","id":"/providers/Microsoft.PowerApps/apis/shared_office365users","tier":"NotSpecified"}},"flowFailureAlertSubscribed":false,"isManaged":false}}