{"name":"3144460e-cc7a-40b9-9083-222b1b0b0d72","id":"/providers/Microsoft.Flow/flows/3144460e-cc7a-40b9-9083-222b1b0b0d72","type":"Microsoft.Flow/flows","properties":{"apiId":"/providers/Microsoft.PowerApps/apis/shared_logicflows","displayName":"Meeting teams notification","definition":{"metadata":{"workflowEntityId":null,"processAdvisorMetadata":null,"flowclientsuspensionreason":"None","flowclientsuspensiontime":null,"flowclientsuspensionreasondetails":null,"creator":{"id":"173aba8b-c9e8-479c-81ab-abba1c33aeb4","type":"User","tenantId":"67481c72-d897-4db4-a7fa-b96d76dfb545"},"provisioningMethod":"FromDefinition","failureAlertSubscription":true,"clientLastModifiedTime":"2023-02-24T16:54:56.4230297Z"},"$schema":"https://schema.management.azure.com/providers/Microsoft.Logic/schemas/2016-06-01/workflowdefinition.json#","contentVersion":"1.0.0.0","parameters":{"$connections":{"defaultValue":{},"type":"Object"},"$authentication":{"defaultValue":{},"type":"SecureObject"}},"triggers":{"When_an_upcoming_event_is_starting_soon_(V3)":{"recurrence":{"frequency":"Minute","interval":5},"splitOn":"@triggerOutputs()?['body/value']","metadata":{"operationMetadataId":"2444bd51-ba56-42e7-8e67-9c2b62d88d4d"},"type":"OpenApiConnection","inputs":{"host":{"apiId":"/providers/Microsoft.PowerApps/apis/shared_office365","connectionName":"shared_office365","operationId":"OnUpcomingEventsV3"},"parameters":{"table":"AAMkAGZkNzE4MzkxLWVhNzgtNDk1ZC1iMTM1LTYzZTdlOTQ1MmFhMQBGAAAAAABx4jxSxdxQR5iPxJwSkC4-BwDNzr64wFXLR7cRtL1InIFKAAAAAAEGAADNzr64wFXLR7cRtL1InIFKAAAF6BOHAAA=","lookAheadTimeInMinutes":15},"authentication":"@parameters('$authentication')"}}},"actions":{"Condition":{"actions":{"Post_message_in_a_chat_or_channel_-_Meeting_heads_up":{"runAfter":{},"metadata":{"operationMetadataId":"744a83f9-67fd-4eed-94d3-c6f09b896940"},"type":"OpenApiConnection","inputs":{"host":{"apiId":"/providers/Microsoft.PowerApps/apis/shared_teams","connectionName":"shared_teams","operationId":"PostMessageToConversation"},"parameters":{"poster":"Flow bot","location":"Chat with Flow bot","body/recipient":"@{outputs('Get_my_profile_(V2)')?['body/mail']};;","body/messageBody":"<p>@{variables('Subject')} is starting soon.</p>"},"authentication":"@parameters('$authentication')"}},"Delay_-_x_seconds_until_meeting_starts":{"runAfter":{"Post_message_in_a_chat_or_channel_-_Meeting_heads_up":["Succeeded"]},"metadata":{"operationMetadataId":"a8eb01de-ff26-4611-a176-d8dec240a439"},"type":"Wait","inputs":{"interval":{"count":"@div(sub(ticks(triggerOutputs()?['body/start']),ticks(utcNow())),10000000)","unit":"Second"}}},"Post_message_in_a_chat_or_channel_-_Starts_now":{"runAfter":{"Delay_-_x_seconds_until_meeting_starts":["Succeeded"]},"metadata":{"operationMetadataId":"fc4c02d5-8a4b-4d79-9294-64cd27bc837c"},"type":"OpenApiConnection","inputs":{"host":{"apiId":"/providers/Microsoft.PowerApps/apis/shared_teams","connectionName":"shared_teams","operationId":"PostMessageToConversation"},"parameters":{"poster":"Flow bot","location":"Chat with Flow bot","body/recipient":"@{outputs('Get_my_profile_(V2)')?['body/mail']};;","body/messageBody":"<p><strong></strong><strong>@{variables('Subject')}</strong><strong></strong> STARTS NOW!</p>","body/isAlert":true},"authentication":"@parameters('$authentication')"}}},"runAfter":{"Initialize_variable_-_Subject":["Succeeded"]},"expression":{"equals":["@triggerOutputs()?['body/isReminderOn']","@true"]},"metadata":{"operationMetadataId":"7dbbe555-8993-447f-9d85-d344dc839197"},"type":"If"},"Initialize_variable_-_Subject":{"runAfter":{"Get_my_profile_(V2)":["Succeeded"]},"metadata":{"operationMetadataId":"141f57a3-7162-454e-89c2-04290b88475d"},"type":"InitializeVariable","inputs":{"variables":[{"name":"Subject","type":"string","value":"@triggerOutputs()?['body/subject']"}]}},"Get_my_profile_(V2)":{"runAfter":{},"metadata":{"operationMetadataId":"a2eceb01-deaf-4a85-b288-c4e673ec7339"},"type":"OpenApiConnection","inputs":{"host":{"apiId":"/providers/Microsoft.PowerApps/apis/shared_office365users","connectionName":"shared_office365users","operationId":"MyProfile_V2"},"parameters":{},"authentication":"@parameters('$authentication')"}}},"outputs":{}},"connectionReferences":{"shared_teams":{"connectionName":"shared-teams-2521f2f3-e04e-47a8-b08d-2205125c2a4d","source":"Embedded","id":"/providers/Microsoft.PowerApps/apis/shared_teams","tier":"NotSpecified"},"shared_office365":{"connectionName":"shared-office365-6da48bae-3a39-4e26-924b-1159232bd16a","source":"Embedded","id":"/providers/Microsoft.PowerApps/apis/shared_office365","tier":"NotSpecified"},"shared_office365users":{"connectionName":"shared-office365user-99cf5738-dbe7-489a-9b38-0047353cd444","source":"Embedded","id":"/providers/Microsoft.PowerApps/apis/shared_office365users","tier":"NotSpecified"}},"flowFailureAlertSubscribed":false,"isManaged":false}}